관리번호,정류장명,그늘,의자,도착안내기,쉘터,촬영시점(YYYY.MM),조사자,비고
250026567,강촌역,있음,있음,있음,있음,,시설이미지 라벨링(병합본),
257800106,용골상회,없음,없음,없음,없음,,시설이미지 라벨링(병합본),
257800107,용골상회,없음,없음,없음,없음,,시설이미지 라벨링(병합본),
250026903,강원대중앙도서관,있음,있음,없음,없음,,시설이미지 라벨링(병합본),
250026904,강원대중앙도서관,없음,없음,없음,없음,,시설이미지 라벨링(병합본),
257800108,반곡망단이,있음,있음,없음,없음,,시설이미지 라벨링(병합본),
257800109,반곡망단이,없음,없음,없음,없음,,시설이미지 라벨링(병합본),
250026741,구곡폭포종점,있음,있음,있음,없음,,시설이미지 라벨링(병합본),
250001725,거두1리,없음,없음,없음,없음,,시설이미지 라벨링(병합본),
250001726,거두1리,없음,없음,없음,없음,,시설이미지 라벨링(병합본),
250001951,폴리텍대학,있음,있음,없음,없음,,시설이미지 라벨링(병합본),
257001453,밤벌유원지,없음,없음,없음,없음,,시설이미지 라벨링(병합본),
257001454,밤벌유원지,없음,없음,없음,없음,,시설이미지 라벨링(병합본),
250027125,무림정사입구,없음,없음,없음,없음,,시설이미지 라벨링(병합본),
250027126,무림정사입구,없음,없음,없음,없음,,시설이미지 라벨링(병합본),
250002127,한림대학교,없음,없음,있음,없음,,시설이미지 라벨링(병합본),
265000872,장학교차로,없음,없음,없음,없음,,시설이미지 라벨링(병합본),
250002198,산천1리,없음,없음,없음,없음,,시설이미지 라벨링(병합본),
250002199,산천1리,없음,없음,없음,없음,,시설이미지 라벨링(병합본),
250001749,강원대학병원,있음,있음,있음,없음,,시설이미지 라벨링(병합본),
250002200,산수빌A,없음,없음,없음,없음,,시설이미지 라벨링(병합본),
257800113,역전평,없음,없음,없음,없음,,시설이미지 라벨링(병합본),
257800114,역전평,,,,있음,,시설이미지 라벨링(병합본),
250001758,애니고등학교,있음,있음,있음,없음,,시설이미지 라벨링(병합본),
250001954,원창1리,없음,없음,없음,없음,,시설이미지 라벨링(병합본),
250001955,원창1리,없음,없음,없음,없음,,시설이미지 라벨링(병합본),
265000756,홈플러스,,,있음,있음,,시설이미지 라벨링(병합본),
250026689,홈플러스,없음,없음,없음,없음,,시설이미지 라벨링(병합본),
250001594,대원사,없음,없음,없음,없음,,시설이미지 라벨링(병합본),
250001595,대원사,없음,없음,없음,없음,,시설이미지 라벨링(병합본),
250002237,푸른언덕공원,없음,없음,없음,없음,,시설이미지 라벨링(병합본),
265000786,송암삼거리,없음,없음,없음,없음,,시설이미지 라벨링(병합본),
250002098,송암삼거리,없음,없음,없음,없음,,시설이미지 라벨링(병합본),
250001548,동보빌리지,없음,없음,없음,없음,,시설이미지 라벨링(병합본),
257000114,굴지리종점,없음,없음,없음,없음,,시설이미지 라벨링(병합본),
257001645,굴지리종점,없음,없음,없음,없음,,시설이미지 라벨링(병합본),
250026834,칠전대우A,없음,없음,없음,없음,,시설이미지 라벨링(병합본),
250001659,교동초교입구,있음,있음,없음,없음,,시설이미지 라벨링(병합본),
250001139,방동1리,없음,있음,없음,없음,,시설이미지 라벨링(병합본),
250001798,현지사,없음,없음,없음,없음,,시설이미지 라벨링(병합본),
250002167,서면행정복지센터,없음,없음,없음,없음,,시설이미지 라벨링(병합본),
250002168,서면행정복지센터,있음,있음,있음,없음,,시설이미지 라벨링(병합본),
250027001,장본교앞사거리,없음,없음,없음,없음,,시설이미지 라벨링(병합본),
250027002,장본교앞사거리,없음,없음,없음,없음,,시설이미지 라벨링(병합본),
250026574,남춘천역2번출구,없음,있음,있음,없음,,시설이미지 라벨링(병합본),
250026581,남춘천역2번출구,없음,있음,없음,없음,,시설이미지 라벨링(병합본),
250001373,강원생명과학고,,,있음,있음,,시설이미지 라벨링(병합본),
250001374,강원생명과학고,,,있음,있음,,시설이미지 라벨링(병합본),
250026661,춘천고용복지센터,없음,있음,없음,없음,,시설이미지 라벨링(병합본),
250001095,창촌1리,없음,없음,없음,없음,,시설이미지 라벨링(병합본),
250001769,가정리종점,없음,없음,없음,없음,,시설이미지 라벨링(병합본),
250001794,창촌1리,없음,없음,없음,없음,,시설이미지 라벨링(병합본),
250001795,창촌1리,없음,없음,없음,없음,,시설이미지 라벨링(병합본),
250026731,가정리종점,없음,없음,없음,없음,,시설이미지 라벨링(병합본),
250026537,케이티앤지,있음,있음,있음,없음,,시설이미지 라벨링(병합본),
250027094,춘천자원,없음,없음,없음,없음,,시설이미지 라벨링(병합본),
250027095,춘천자원,없음,없음,없음,없음,,시설이미지 라벨링(병합본),
250002117,소양강댐정상,없음,없음,없음,없음,,시설이미지 라벨링(병합본),
250026905,강원대백록관,있음,있음,있음,없음,,시설이미지 라벨링(병합본),
250026906,강원대백록관,있음,있음,있음,없음,,시설이미지 라벨링(병합본),
265000700,장학해온채A,없음,있음,없음,없음,,시설이미지 라벨링(병합본),
250026568,강촌역,없음,없음,없음,없음,,시설이미지 라벨링(병합본),
250001145,지암리,없음,있음,없음,없음,,시설이미지 라벨링(병합본),
250001146,지암리,없음,없음,없음,없음,,시설이미지 라벨링(병합본),
250001147,지암리,없음,없음,없음,없음,,시설이미지 라벨링(병합본),
250001811,지암리,없음,없음,없음,없음,,시설이미지 라벨링(병합본),
250001814,지암리,없음,없음,없음,없음,,시설이미지 라벨링(병합본),
250001817,지내3리,없음,없음,없음,없음,,시설이미지 라벨링(병합본),
250001818,지내3리,없음,없음,없음,없음,,시설이미지 라벨링(병합본),
257001455,밤나무골,,,,,,시설이미지 라벨링(병합본),
257001456,밤나무골,없음,없음,없음,없음,,시설이미지 라벨링(병합본),
250001229,중부지구대,없음,있음,없음,없음,,시설이미지 라벨링(병합본),
250026809,도재활병원삼거리,,,,,,시설이미지 라벨링(병합본),
250001022,눈썰매장입구,없음,없음,없음,없음,,시설이미지 라벨링(병합본),
250001855,KBS방송국,있음,있음,있음,없음,,시설이미지 라벨링(병합본),
250002235,보안사거리,있음,있음,있음,없음,,시설이미지 라벨링(병합본),
250001263,향교,없음,없음,없음,없음,,시설이미지 라벨링(병합본),
250001563,도민일보,없음,없음,없음,없음,,시설이미지 라벨링(병합본),
250001564,도민일보,없음,없음,없음,없음,,시설이미지 라벨링(병합본),
250000004,거두리주공A,있음,있음,있음,없음,,시설이미지 라벨링(병합본),
250001409,청실A,있음,있음,있음,없음,,시설이미지 라벨링(병합본),
250001963,우석초교,없음,있음,없음,없음,,시설이미지 라벨링(병합본),
250001534,춘천동원학교,없음,없음,없음,없음,,시설이미지 라벨링(병합본),
250001535,춘천동원학교,있음,있음,있음,없음,,시설이미지 라벨링(병합본),
250001460,발산2리,없음,없음,없음,없음,,시설이미지 라벨링(병합본),
250001461,발산2리,없음,없음,없음,없음,,시설이미지 라벨링(병합본),
250001462,발산2리,없음,없음,없음,없음,,시설이미지 라벨링(병합본),
250001463,발산2리,없음,없음,없음,없음,,시설이미지 라벨링(병합본),
250001464,발산2리,없음,없음,없음,없음,,시설이미지 라벨링(병합본),
250001465,발산2리,없음,없음,없음,없음,,시설이미지 라벨링(병합본),
250001466,발산2리,없음,없음,없음,없음,,시설이미지 라벨링(병합본),
250026874,발산2리,없음,없음,없음,없음,,시설이미지 라벨링(병합본),
250026875,발산2리,없음,없음,없음,없음,,시설이미지 라벨링(병합본),
250026876,발산2리,없음,없음,없음,없음,,시설이미지 라벨링(병합본),
250026880,윗샘밭종점,없음,없음,없음,없음,,시설이미지 라벨링(병합본),
250001987,모아엘가A,있음,있음,있음,없음,,시설이미지 라벨링(병합본),
265000670,파크자이A,있음,있음,있음,없음,,시설이미지 라벨링(병합본),
265000671,파크자이A,있음,있음,있음,없음,,시설이미지 라벨링(병합본),
250026892,천년나무A,있음,,있음,있음,,시설이미지 라벨링(병합본),
250026893,천년나무A,있음,,있음,있음,,시설이미지 라벨링(병합본),
250001386,교육대학교,없음,없음,없음,없음,,시설이미지 라벨링(병합본),
250026768,e편한세상,있음,있음,있음,없음,,시설이미지 라벨링(병합본),
250026917,강원고앞,없음,없음,없음,없음,,시설이미지 라벨링(병합본),
250001071,가정진료소,없음,없음,없음,없음,,시설이미지 라벨링(병합본),
250001970,한강수력본부,없음,없음,없음,없음,,시설이미지 라벨링(병합본),
250001994,오탄1리,없음,없음,없음,없음,,시설이미지 라벨링(병합본),2026년 1월 사진
250001995,오탄1리,없음,없음,없음,없음,,시설이미지 라벨링(병합본),2026년 1월 사진
250001999,오탄1리,없음,없음,없음,없음,,시설이미지 라벨링(병합본),
250026596,간척사거리,없음,없음,없음,없음,,시설이미지 라벨링(병합본),
263001765,간척사거리,있음,있음,없음,없음,,시설이미지 라벨링(병합본),
263001766,간척사거리,있음,있음,,있음,,시설이미지 라벨링(병합본),
250000005,강원지방경찰청,없음,있음,없음,없음,,시설이미지 라벨링(병합본),
250000006,강원지방경찰청,없음,있음,없음,없음,,시설이미지 라벨링(병합본),
265000721,중앙시장입구,없음,없음,없음,없음,,시설이미지 라벨링(병합본),
250027098,중앙시장입구,있음,있음,,있음,,시설이미지 라벨링(병합본),
250027123,안보2리3반,없음,없음,없음,없음,,시설이미지 라벨링(병합본),
250027124,안보2리3반,없음,없음,없음,없음,,시설이미지 라벨링(병합본),
250001529,등선폭포,있음,있음,있음,없음,,시설이미지 라벨링(병합본),
250001530,등선폭포,있음,있음,있음,없음,,시설이미지 라벨링(병합본),
250026785,오월2리,없음,없음,없음,없음,,시설이미지 라벨링(병합본),
250026786,오월2리,없음,없음,없음,없음,,시설이미지 라벨링(병합본),
250026787,오월2리,없음,없음,없음,없음,,시설이미지 라벨링(병합본),
250026789,오월2리,없음,없음,없음,없음,,시설이미지 라벨링(병합본),
250027046,오월2리,없음,없음,없음,없음,,시설이미지 라벨링(병합본),
250027048,오월2리,없음,없음,없음,없음,,시설이미지 라벨링(병합본),
250027049,오월2리,없음,없음,없음,없음,,시설이미지 라벨링(병합본),
250027050,오월2리,없음,없음,없음,없음,,시설이미지 라벨링(병합본),
257001479,반곡,없음,없음,없음,없음,,시설이미지 라벨링(병합본),
257001480,반곡,없음,없음,없음,없음,,시설이미지 라벨링(병합본),
250001874,정부합동청사,없음,없음,없음,없음,,시설이미지 라벨링(병합본),
250026588,중앙하이츠2차,있음,있음,있음,없음,,시설이미지 라벨링(병합본),
250001655,구곡폭포종점,없음,없음,없음,없음,,시설이미지 라벨링(병합본),
265000867,안마산로입구,없음,있음,없음,없음,,시설이미지 라벨링(병합본),
250001199,폴리텍2캠퍼스,없음,없음,없음,없음,,시설이미지 라벨링(병합본),
250026527,성심경로당,없음,없음,없음,없음,,시설이미지 라벨링(병합본),
250026517,성심경로당,없음,없음,있음,없음,,시설이미지 라벨링(병합본),
250026550,소양강처녀상,있음,있음,,있음,,시설이미지 라벨링(병합본),"BIT 원본은 동일 번호 2286을 호반환승센터로 표기하나, 현행 TAGO·카카오맵은 소양강처녀상으로 일치하고 좌표도 약 81m 차이여서 BIT 설치 여부 현장확인 필요"
250026599,석사교사거리,없음,있음,없음,없음,,시설이미지 라벨링(병합본),
250001288,무릉공원,있음,있음,없음,없음,,시설이미지 라벨링(병합본),
265000697,삼천동사거리,없음,있음,없음,없음,,시설이미지 라벨링(병합본),
265000723,삼천동사거리,없음,있음,없음,없음,,시설이미지 라벨링(병합본),
250002190,삼천동사거리,있음,있음,있음,없음,,시설이미지 라벨링(병합본),
250002147,석사교회,있음,있음,있음,없음,,시설이미지 라벨링(병합본),
265000796,모아엘가비스타,있음,있음,있음,없음,,시설이미지 라벨링(병합본),
265000797,모아엘가비스타,있음,있음,있음,없음,,시설이미지 라벨링(병합본),
250001252,현암리,없음,없음,없음,없음,,시설이미지 라벨링(병합본),
250001253,현암리,없음,없음,없음,없음,,시설이미지 라벨링(병합본),
250001254,현암리,없음,없음,없음,없음,,시설이미지 라벨링(병합본),
250001222,소주고개,없음,없음,없음,없음,,시설이미지 라벨링(병합본),
250001244,혈동2리마을회관,없음,없음,없음,없음,,시설이미지 라벨링(병합본),
250001245,혈동2리마을회관,없음,없음,없음,없음,,시설이미지 라벨링(병합본),
250001333,태봉,없음,없음,없음,없음,,시설이미지 라벨링(병합본),
250001004,당림삼거리,없음,없음,없음,없음,,시설이미지 라벨링(병합본),
250001015,조양1리,없음,없음,없음,없음,,시설이미지 라벨링(병합본),
250001016,부사원고개,없음,없음,없음,없음,,시설이미지 라벨링(병합본),
250001024,지암리(4),없음,없음,없음,없음,,시설이미지 라벨링(병합본),
250001025,지암리(3),없음,없음,없음,없음,,시설이미지 라벨링(병합본),
250001030,고성2리용화산,없음,없음,없음,없음,,시설이미지 라벨링(병합본),
250001032,고성2리1반,없음,없음,없음,없음,,시설이미지 라벨링(병합본),
250001036,송암리(인삼밭),없음,없음,없음,없음,,시설이미지 라벨링(병합본),
250001037,솔바우농원,있음,있음,없음,없음,,시설이미지 라벨링(병합본),
250001041,솔바우농원,없음,없음,없음,없음,,시설이미지 라벨링(병합본),
250001045,인람리(하우스),없음,없음,없음,없음,,시설이미지 라벨링(병합본),
