순번,설치 정류장명,위도,경도,정류장 번호,설치 단말기 종류,설치연월,음성사용여부,표출시간,외국어지원여부,데이터기준일자
1,(구)102보충대,37.94078,127.7124,1515,LCD(거치형),2021-07-17,사용,05:00 ~ 23:30,사용,2025-11-14
2,위도입구,37.92494,127.721,1572,LCD(거치형),2021-07-17,사용,05:00 ~ 23:30,사용,2025-11-14
3,강원생명과학고,37.90781,127.72351,1373,LED(거치형),2015-07-28,사용,05:00 ~ 23:30,미사용,2025-11-14
4,사우사거리,37.89996,127.72835,2098,LCD(거치형),2015-07-28,사용,05:00 ~ 23:30,사용,2025-11-14
5,명진학교,37.89998,127.73468,1817,LCD(거치형),2019-09-14,사용,05:00 ~ 23:30,사용,2025-11-14
6,신북읍행복센터,37.92523,127.7469,2033,LED(거치형),2019-09-14,사용,05:00 ~ 23:30,미사용,2025-11-14
7,소양로1가,37.89146,127.72572,2092,LED(거치형),2020-12-16,사용,05:00 ~ 23:30,미사용,2025-11-14
8,여성가족연구원,37.85577,127.74872,1659,LCD(거치형),2021-07-17,사용,05:00 ~ 23:30,사용,2025-11-14
9,근화초교,37.88816,127.72462,1960,LED(거치형),2020-12-16,사용,05:00 ~ 23:30,미사용,2025-11-14
10,소양로우체국,37.88108,127.72618,1533,LCD(거치형),2015-07-28,사용,05:00 ~ 23:30,사용,2025-11-14
11,율문1리,37.92584,127.74357,1555,LCD(거치형),2019-09-14,사용,05:00 ~ 23:30,사용,2025-11-14
12,도재활병원삼거리,37.9032,127.73776,1935,LCD(거치형),2019-09-14,사용,05:00 ~ 23:30,사용,2025-11-14
13,명동입구,37.87912,127.72627,1819,LCD(거치형),2015-07-09,사용,05:00 ~ 23:30,사용,2025-11-14
14,중앙시장/중앙초교,37.87835,127.72499,1746,LCD(거치형),2015-07-09,사용,05:00 ~ 23:30,사용,2025-11-14
15,중앙시장,37.8785,127.72548,1747,LCD(거치형),2015-07-09,사용,05:00 ~ 23:30,사용,2025-11-14
16,현진에버빌3차,37.87507,127.72986,1163,LCD(거치형),2018-12-21,사용,05:00 ~ 23:30,사용,2025-11-14
17,방곡1리,37.79489,127.64248,1778,LED(거치형),2020-12-16,사용,05:00 ~ 23:30,미사용,2025-11-14
18,춘천초등학교,37.87608,127.72096,1155,LCD(거치형),2018-08-14,사용,05:00 ~ 23:30,사용,2025-11-14
19,파크자이A,37.86749,127.70853,2856,LCD(거치형),2022-09-05,사용,05:00 ~ 23:30,사용,2025-11-14
20,봉의초교,37.87511,127.72948,2203,LCD(거치형),2018-12-21,사용,05:00 ~ 23:30,사용,2025-11-14
21,육림고개,37.87721,127.73044,1560,LCD(거치형),2015-07-09,사용,05:00 ~ 23:30,사용,2025-11-14
22,육림고개,37.87717,127.73071,1561,LCD(거치형),2015-07-30,사용,05:00 ~ 23:30,사용,2025-11-14
23,봉의A,37.88675,127.74489,2206,LCD(거치형),2018-08-14,사용,05:00 ~ 23:30,사용,2025-11-14
24,시청입구,37.87961,127.72865,2054,LCD(거치형),2015-07-15,사용,05:00 ~ 23:30,사용,2025-11-14
25,강원일보,37.88255,127.72851,1479,LCD(거치형),2021-07-17,사용,05:00 ~ 23:30,사용,2025-11-14
26,춘천시청별관,37.88164,127.73258,1165,LCD(거치형),2016-09-30,사용,05:00 ~ 23:30,사용,2025-11-14
27,한림대학교,37.8835,127.73831,2104,LCD(독립형),2015-07-30,사용,05:00 ~ 23:30,미사용,2025-11-14
28,세경3차,37.88484,127.74415,2101,LCD(거치형),2019-09-14,사용,05:00 ~ 23:30,사용,2025-11-14
29,포스코후문,37.8817,127.74675,1102,LCD(거치형),2022-09-05,사용,05:00 ~ 23:30,사용,2025-11-14
30,크로바A,37.8805,127.74408,1143,LED(거치형),2020-12-16,사용,05:00 ~ 23:30,미사용,2025-11-14
31,석사삼익A,37.85308,127.75104,2115,LED(거치형),2012-04-01,사용,05:00 ~ 23:30,미사용,2025-11-14
32,동부시장,37.87659,127.73428,1865,LCD(거치형),2015-07-09,사용,05:00 ~ 23:30,사용,2025-11-14
33,춘천청소년수련관,37.87437,127.74098,1997,LCD(거치형),2017-06-04,사용,05:00 ~ 23:30,사용,2025-11-14
34,강원대후문,37.87289,127.74425,1481,LCD(거치형),2015-07-10,사용,05:00 ~ 23:30,사용,2025-11-14
35,후평주공7단지,37.87572,127.75116,1016,LED(거치형),2024-06-05,사용,05:00 ~ 23:30,미사용,2025-11-14
36,후평3동행복센터,37.87646,127.7548,1027,LED(거치형),2020-04-08,사용,05:00 ~ 23:30,미사용,2025-11-14
37,청실A,37.87322,127.75856,1407,LED(거치형),2020-12-16,사용,05:00 ~ 23:30,미사용,2025-11-14
38,석사2지구A,37.87027,127.75697,2127,LCD(거치형),2024-06-05,사용,05:00 ~ 23:30,사용,2025-11-14
39,석사대우A,37.86908,127.75638,2121,LCD(거치형),2016-09-30,사용,05:00 ~ 23:30,사용,2025-11-14
40,남부시장,37.87063,127.726,1946,LCD(거치형),2018-08-14,사용,05:00 ~ 23:30,사용,2025-11-14
41,남부시장,37.87011,127.72748,1947,LCD(거치형),2018-08-14,사용,05:00 ~ 23:30,사용,2025-11-14
42,석사A,37.86289,127.73933,2114,LCD(거치형),2019-09-14,사용,05:00 ~ 23:30,사용,2025-11-14
43,동보A,37.86179,127.74215,1866,LCD(거치형),2015-07-30,사용,05:00 ~ 23:30,사용,2025-11-14
44,석사사거리,37.85952,127.74511,2117,LCD(거치형),2021-07-17,사용,05:00 ~ 23:30,사용,2025-11-14
45,여성가족연구원,37.85613,127.74853,1658,LCD(거치형),2021-07-17,사용,05:00 ~ 23:30,사용,2025-11-14
46,로데오거리,37.85424,127.75054,1848,LED(거치형),2024-06-05,사용,05:00 ~ 23:30,미사용,2025-11-14
47,석사극동A,37.85118,127.75278,2123,LCD(거치형),2015-07-29,사용,05:00 ~ 23:30,사용,2025-11-14
48,온의금호1차,37.86888,127.71614,1633,LCD(거치형),2019-09-14,사용,05:00 ~ 23:30,사용,2025-11-14
49,풍물시장,37.86734,127.71739,1629,LCD(거치형),2019-09-14,사용,05:00 ~ 23:30,사용,2025-11-14
50,춘천우체국,37.86586,127.72006,1492,LCD(거치형),2015-07-14,사용,05:00 ~ 23:30,사용,2025-11-14
51,열린공원,37.86153,127.72053,1549,LCD(거치형),2019-09-14,사용,05:00 ~ 23:30,사용,2025-11-14
52,퇴계우체국,37.85962,127.72326,1131,LCD(거치형),2019-09-14,사용,05:00 ~ 23:30,사용,2025-11-14
53,퇴계현대1차,37.85858,127.72502,1112,LCD(거치형),2019-09-14,사용,05:00 ~ 23:30,사용,2025-11-14
54,남부초교,37.85931,127.72743,1134,LCD(거치형),2015-07-10,사용,05:00 ~ 23:30,사용,2025-11-14
55,동부새마을금고,37.87352,127.73406,1810,LED(거치형),2020-12-16,사용,05:00 ~ 23:30,미사용,2025-11-14
56,무릉공원,37.85607,127.73888,1096,LED(거치형),2022-09-05,사용,05:00 ~ 23:30,미사용,2025-11-14
57,퇴계현대3차,37.85451,127.74099,2110,LCD(거치형),2021-07-17,사용,05:00 ~ 23:30,사용,2025-11-14
58,성림초등학교,37.85273,127.74132,2105,LCD(거치형),2021-07-17,사용,05:00 ~ 23:30,사용,2025-11-14
59,동산A,37.88921,127.74211,1860,LCD(거치형),2018-08-14,사용,05:00 ~ 23:30,사용,2025-11-14
60,퇴계주공6차A,37.85115,127.74079,1121,LCD(거치형),2015-07-10,사용,05:00 ~ 23:30,사용,2025-11-14
61,퇴계한주A,37.84919,127.73898,1117,LED(거치형),2024-06-05,사용,05:00 ~ 23:30,미사용,2025-11-14
62,투탑시티,37.85054,127.74413,1111,LCD(거치형),2015-07-29,사용,05:00 ~ 23:30,사용,2025-11-14
63,한국토지주택공사,37.86925,127.72922,1085,LCD(거치형),2018-08-14,사용,05:00 ~ 23:30,사용,2025-11-14
64,양우A,37.86796,127.73154,1666,LED(거치형),2024-06-05,사용,05:00 ~ 23:30,미사용,2025-11-14
65,강원생명과학고,37.90775,127.72374,1372,LED(거치형),2020-05-29,사용,05:00 ~ 23:30,미사용,2025-11-14
66,학곡리종점,37.83501,127.76041,1092,LCD(거치형),2019-09-14,사용,05:00 ~ 23:30,사용,2025-11-14
67,칠전대우A,37.84417,127.7118,1149,LED(거치형),2020-05-29,사용,05:00 ~ 23:30,미사용,2025-11-14
68,동산중학교,37.75226,127.79126,1857,LCD(거치형),2015-07-28,사용,05:00 ~ 23:30,사용,2025-11-14
69,새술막,37.78588,127.75773,2148,LED(거치형),2020-12-16,사용,05:00 ~ 23:30,미사용,2025-11-14
70,동산면행복센터,37.7541,127.79587,1863,LCD(독립형),2015-07-19,사용,05:00 ~ 23:30,미사용,2025-11-14
71,동산면행복센터,37.75384,127.79594,1191,LCD(독립형),2015-07-19,사용,05:00 ~ 23:30,미사용,2025-11-14
72,폴리텍대학,37.79759,127.77401,1598,LED(거치형),2020-12-16,사용,05:00 ~ 23:30,미사용,2025-11-14
73,조각공원,37.87307,127.71386,1760,LCD(거치형),2015-07-29,사용,05:00 ~ 23:30,사용,2025-11-14
74,그랜드A,37.86683,127.7563,1964,LCD(거치형),2024-06-05,사용,05:00 ~ 23:30,사용,2025-11-14
75,봉의중학교,37.87932,127.74149,2204,LED(거치형),2020-12-16,사용,05:00 ~ 23:30,미사용,2025-11-14
76,약사롯데캐슬,37.87212,127.72306,1669,LCD(거치형),2022-07-14,사용,05:00 ~ 23:30,사용,2025-11-14
77,후평주공4단지후문,37.87495,127.75778,1023,LCD(거치형),2017-06-04,사용,05:00 ~ 23:30,사용,2025-11-14
78,강원대학병원,37.87471,127.74292,1483,LCD(거치형),2019-09-14,사용,05:00 ~ 23:30,사용,2025-11-14
79,후평주공6단지,37.87422,127.74837,1018,LCD(거치형),2015-07-10,사용,05:00 ~ 23:30,사용,2025-11-14
80,춘천중학교,37.87487,127.71718,1159,LCD(거치형),2015-07-09,사용,05:00 ~ 23:30,사용,2025-11-14
81,춘천중학교,37.87527,127.71769,1160,LCD(거치형),2018-08-14,사용,05:00 ~ 23:30,사용,2025-11-14
82,강촌유원지,37.81361,127.63361,1464,LCD(거치형),2015-07-29,사용,05:00 ~ 23:30,사용,2025-11-14
83,초록지붕A,37.85324,127.75117,2116,LED(거치형),2020-05-29,사용,05:00 ~ 23:30,미사용,2025-11-14
84,봄내초교,37.85657,127.742,2108,LCD(거치형),2015-07-10,사용,05:00 ~ 23:30,사용,2025-11-14
85,퇴계주공3.4차,37.85578,127.74472,1127,LCD(거치형),2019-09-14,사용,05:00 ~ 23:30,사용,2025-11-14
86,병무청앞,37.86554,127.73507,1485,LCD(거치형),2019-09-14,사용,05:00 ~ 23:30,사용,2025-11-14
87,대우A,37.87624,127.75709,1025,LCD(거치형),2019-09-14,사용,05:00 ~ 23:30,사용,2025-11-14
88,퇴계주공6차,37.85142,127.74157,1122,LCD(거치형),2018-08-14,사용,05:00 ~ 23:30,사용,2025-11-14
89,M백화점,37.87874,127.72912,2053,LCD(거치형),2017-06-04,사용,05:00 ~ 23:30,사용,2025-11-14
90,신성교회,37.88508,127.74676,2004,LCD(거치형),2021-07-17,사용,05:00 ~ 23:30,사용,2025-11-14
91,동보빌리지,37.88372,127.74108,1867,LCD(거치형),2015-07-30,사용,05:00 ~ 23:30,사용,2025-11-14
92,향교,37.8815,127.73466,1071,LCD(독립형),2017-06-04,사용,05:00 ~ 23:30,미사용,2025-11-14
93,포스코더샵A,37.88162,127.7485,1104,LCD(거치형),2022-09-05,사용,05:00 ~ 23:30,사용,2025-11-14
94,온의금호1차,37.86872,127.71582,1634,LED(거치형),2020-12-16,사용,05:00 ~ 23:30,미사용,2025-11-14
95,럭키A,37.86657,127.71821,1630,LED(거치형),2020-12-16,사용,05:00 ~ 23:30,미사용,2025-11-14
96,한진한성,37.85945,127.72313,1114,LCD(거치형),2021-07-17,사용,05:00 ~ 23:30,사용,2025-11-14
97,퇴계현대1차,37.85792,127.72643,1113,LCD(거치형),2021-07-17,사용,05:00 ~ 23:30,사용,2025-11-14
98,소양로2가,37.88914,127.72506,2090,LCD(거치형),2021-07-17,사용,05:00 ~ 23:30,사용,2025-11-14
99,우두로입구,37.9133,127.72187,2196,LCD(거치형),2015-07-30,사용,05:00 ~ 23:30,사용,2025-11-14
100,사농현대A,37.91079,127.72244,2197,LCD(독립형),2017-06-04,사용,05:00 ~ 23:30,미사용,2025-11-14
101,소양2교,37.89959,127.72858,2097,LED(거치형),2020-12-16,사용,05:00 ~ 23:30,미사용,2025-11-14
102,소양초교,37.90587,127.73938,2085,LED(거치형),2020-12-16,사용,05:00 ~ 23:30,미사용,2025-11-14
103,만천초교,37.88269,127.75814,1833,LCD(거치형),2018-08-14,사용,05:00 ~ 23:30,사용,2025-11-14
104,동아/청구A,37.87026,127.75433,1415,LED(거치형),2023-11-01,사용,05:00 ~ 23:30,미사용,2025-11-14
105,일성트루엘A,37.87749,127.74849,1751,LCD(거치형),2019-09-14,사용,05:00 ~ 23:30,사용,2025-11-14
106,미소지움/방송대,37.87329,127.72014,1631,LCD(거치형),2019-09-14,사용,05:00 ~ 23:30,사용,2025-11-14
107,춘천지방법원,37.86609,127.73414,2216,LCD(거치형),2021-07-17,사용,05:00 ~ 23:30,사용,2025-11-14
108,서면행정복지센터,37.89834,127.69402,2145,LCD(독립형),2017-06-04,사용,05:00 ~ 23:30,미사용,2025-11-14
109,남춘천역,37.86412,127.72331,2295,LCD(거치형),2015-07-15,사용,05:00 ~ 23:30,사용,2025-11-14
110,춘천농협,37.88365,127.72328,1370,LCD(거치형),2017-06-04,사용,05:00 ~ 23:30,사용,2025-11-14
111,거두리부영A,37.85561,127.75154,1847,LED(거치형),2020-12-16,사용,05:00 ~ 23:30,미사용,2025-11-14
112,성우오스타A,37.85635,127.7548,1168,LED(거치형),2020-12-16,사용,05:00 ~ 23:30,미사용,2025-11-14
113,거두리주공A,37.85686,127.75944,1169,LCD(거치형),2021-08-19,사용,05:00 ~ 23:30,사용,2025-11-14
114,호반베르디움,37.85717,127.75935,2284,LED(거치형),2020-12-16,사용,05:00 ~ 23:30,미사용,2025-11-14
115,우미린후문,37.87721,127.75193,1702,LCD(거치형),2017-06-04,사용,05:00 ~ 23:30,사용,2025-11-14
116,유앤아이A,37.87981,127.76324,2266,LED(거치형),2023-11-01,사용,05:00 ~ 23:30,미사용,2025-11-14
117,남춘천중학교,37.86059,127.72139,1941,LCD(거치형),2021-07-17,사용,05:00 ~ 23:30,사용,2025-11-14
118,청와A,37.88146,127.71345,1963,LED(거치형),2020-12-16,사용,05:00 ~ 23:30,미사용,2025-11-14
119,한국전력공사입구,37.8835,127.74863,1086,LCD(거치형),2019-10-08,사용,05:00 ~ 23:30,사용,2025-11-14
120,남산면행복센터,37.79149,127.64606,1944,LCD(거치형),2021-07-17,사용,05:00 ~ 23:30,사용,2025-11-14
121,휴먼시아1차,37.86087,127.7332,2320,LED(거치형),2024-06-05,사용,05:00 ~ 23:30,미사용,2025-11-14
122,퇴계주공2차,37.85841,127.7371,1129,LCD(거치형),2021-07-17,사용,05:00 ~ 23:30,사용,2025-11-14
123,남춘천역,37.8639,127.7231,2285,LCD(거치형),2016-09-30,사용,05:00 ~ 23:30,사용,2025-11-14
124,한국은행,37.88225,127.72859,1088,LCD(독립형),2016-09-30,사용,05:00 ~ 23:30,미사용,2025-11-14
125,엘타워/미소지움,37.87404,127.71703,1157,LCD(거치형),2019-09-14,사용,05:00 ~ 23:30,사용,2025-11-14
126,춘천중학교정문,37.87398,127.7181,1158,LCD(거치형),2019-09-14,사용,05:00 ~ 23:30,사용,2025-11-14
127,춘천사회혁신센터,37.86416,127.73627,1484,LCD(거치형),2021-07-17,사용,05:00 ~ 23:30,사용,2025-11-14
128,성원초등학교,37.84813,127.74339,2103,LCD(거치형),2016-09-30,사용,05:00 ~ 23:30,사용,2025-11-14
129,퇴계주공7단지,37.84784,127.74092,1120,LCD(거치형),2016-09-30,사용,05:00 ~ 23:30,사용,2025-11-14
130,중앙하이츠1차,37.85456,127.73726,1741,LCD(거치형),2021-07-17,사용,05:00 ~ 23:30,사용,2025-11-14
131,교동초교입구,37.8778,127.73812,1977,LCD(거치형),2016-09-30,사용,05:00 ~ 23:30,사용,2025-11-14
132,장애인종합복지관,37.84742,127.7553,1083,LED(거치형),2023-11-01,사용,05:00 ~ 23:30,미사용,2025-11-14
133,박물관후문,37.86465,127.75281,1363,LCD(거치형),2021-07-17,사용,05:00 ~ 23:30,사용,2025-11-14
134,중앙하이츠2차,37.85723,127.73525,2000,LCD(거치형),2019-10-10,사용,05:00 ~ 23:30,사용,2025-11-14
135,청구/진흥A,37.86895,127.75254,1694,LCD(거치형),2021-07-17,사용,05:00 ~ 23:30,사용,2025-11-14
136,후평주공7단지,37.87554,127.75105,1015,LED(거치형),2024-06-05,사용,05:00 ~ 23:30,미사용,2025-11-14
137,푸른언덕공원,37.87619,127.74552,2215,LCD(거치형),2023-11-01,사용,05:00 ~ 23:30,사용,2025-11-14
138,중부지구대,37.87579,127.73787,1039,LCD(거치형),2021-07-17,사용,05:00 ~ 23:30,사용,2025-11-14
139,동광오거리,37.88526,127.74947,1826,LCD(거치형),2019-09-30,사용,05:00 ~ 23:30,사용,2025-11-14
140,윗샘밭종점,37.93244,127.79216,1570,LED(거치형),2023-11-01,사용,05:00 ~ 23:30,미사용,2025-11-14
141,퇴계주공2차,37.85789,127.73464,2001,LCD(거치형),2018-08-14,사용,05:00 ~ 23:30,사용,2025-11-14
142,인성병원,37.88109,127.72659,1532,LED(거치형),2022-09-01,사용,05:00 ~ 23:30,미사용,2025-11-14
143,신동삼거리,37.93187,127.72203,2045,LCD(거치형),2022-09-05,사용,05:00 ~ 23:30,사용,2025-11-14
144,용산1리,37.93913,127.7142,1325,LCD(거치형),2021-07-17,사용,05:00 ~ 23:30,사용,2025-11-14
145,공지사거리,37.87431,127.7146,2003,LED(거치형),2020-12-16,사용,05:00 ~ 23:30,미사용,2025-11-14
146,애니고등학교,37.90526,127.70064,1491,LED(거치형),2023-11-01,사용,05:00 ~ 23:30,미사용,2025-11-14
147,두미르A,37.90265,127.72739,1853,LCD(거치형),2016-09-30,사용,05:00 ~ 23:30,사용,2025-11-14
148,삼성동부A,37.89953,127.73082,1844,LCD(거치형),2016-09-30,사용,05:00 ~ 23:30,사용,2025-11-14
149,문화예술회관,37.873,127.7269,1813,LED(거치형),2024-06-05,사용,05:00 ~ 23:30,미사용,2025-11-14
150,KBS방송국,37.86824,127.7228,1752,LCD(거치형),2024-06-05,사용,05:00 ~ 23:30,사용,2025-11-14
151,배나무골,37.85983,127.717,2230,LCD(거치형),2021-07-17,사용,05:00 ~ 23:30,사용,2025-11-14
152,중앙로입구,37.87749,127.7242,1745,LCD(거치형),2016-09-30,사용,05:00 ~ 23:30,사용,2025-11-14
153,강촌역,37.80627,127.6337,2303,LED(거치형),2020-05-29,사용,05:00 ~ 23:30,미사용,2025-11-14
154,후평주공5단지,37.87346,127.74691,1019,LCD(거치형),2016-09-30,사용,05:00 ~ 23:30,사용,2025-11-14
155,항공대정문,37.92947,127.76178,1079,LCD(거치형),2021-07-17,사용,05:00 ~ 23:30,사용,2025-11-14
156,석사2지구A,37.87048,127.75677,2126,LCD(거치형),2015-07-29,사용,05:00 ~ 23:30,사용,2025-11-14
157,명동입구,37.87971,127.72668,1671,LCD(거치형),2017-06-01,사용,05:00 ~ 23:30,사용,2025-11-14
158,번개시장,37.89205,127.72626,2219,LCD(거치형),2012-07-17,사용,05:00 ~ 23:30,사용,2025-11-14
159,한국국토정보공사,37.87803,127.7511,1703,LCD(거치형),2021-07-17,사용,05:00 ~ 23:30,사용,2025-11-14
160,보안사거리,37.87542,127.75241,2213,LCD(거치형),2016-09-30,사용,05:00 ~ 23:30,사용,2025-11-14
161,부안주유소,37.87243,127.75247,1013,LCD(거치형),2022-09-05,사용,05:00 ~ 23:30,사용,2025-11-14
162,후평3동행복센터,37.87624,127.75371,1026,LCD(거치형),2021-07-17,사용,05:00 ~ 23:30,사용,2025-11-14
163,신한은행후평동지점,37.87927,127.75044,1516,LCD(거치형),2021-07-17,사용,05:00 ~ 23:30,사용,2025-11-14
164,보안사거리,37.87534,127.75261,2212,LCD(거치형),2016-09-30,사용,05:00 ~ 23:30,사용,2025-11-14
165,후평3동우체국,37.87244,127.75268,1012,LCD(거치형),2016-09-30,사용,05:00 ~ 23:30,사용,2025-11-14
166,문화예술회관,37.87294,127.72712,1814,LED(거치형),2024-06-05,사용,05:00 ~ 23:30,미사용,2025-11-14
167,퇴계우성A,37.85983,127.7311,1339,LCD(거치형),2022-09-05,사용,05:00 ~ 23:30,사용,2025-11-14
168,현진에버빌2차,37.8528,127.74154,2106,LCD(거치형),2022-09-05,사용,05:00 ~ 23:30,사용,2025-11-14
169,석사A,37.86281,127.73904,2113,LCD(거치형),2024-06-05,사용,05:00 ~ 23:30,사용,2025-11-14
170,포스코더샵A,37.88061,127.74948,1101,LCD(거치형),2021-07-17,사용,05:00 ~ 23:30,사용,2025-11-14
171,농산물도매시장,37.90682,127.72831,2274,LCD(거치형),2021-07-17,사용,05:00 ~ 23:30,사용,2025-11-14
172,공지천사거리,37.87404,127.71429,2002,LED(거치형),2022-09-05,사용,05:00 ~ 23:30,미사용,2025-11-14
173,배나무골,37.85995,127.71745,2229,LCD(거치형),2022-09-05,사용,05:00 ~ 23:30,사용,2025-11-14
174,퇴계우성A,37.85998,127.73021,1132,LCD(거치형),2022-09-05,사용,05:00 ~ 23:30,사용,2025-11-14
175,홈플러스,37.85092,127.73385,1067,LED(거치형),2020-05-29,사용,05:00 ~ 23:30,미사용,2025-11-14
176,퇴계주공1차,37.85871,127.73698,1130,LCD(거치형),2022-09-05,사용,05:00 ~ 23:30,사용,2025-11-14
177,동부시장,37.87632,127.73345,1864,LCD(거치형),2022-09-05,사용,05:00 ~ 23:30,사용,2025-11-14
178,산림조합강원본부,37.88724,127.75365,1002,LED(거치형),2022-09-05,사용,05:00 ~ 23:30,미사용,2025-11-14
179,농산물도매시장,37.90702,127.72832,2275,LED(거치형),2022-09-05,사용,05:00 ~ 23:30,미사용,2025-11-14
180,폴리텍2캠퍼스,37.91229,127.73925,1476,LCD(거치형),2022-09-05,사용,05:00 ~ 23:30,사용,2025-11-14
181,면허시험장입구,37.9455,127.75158,1823,LED(거치형),2022-09-05,사용,05:00 ~ 23:30,미사용,2025-11-14
182,춘천시보건소,37.87621,127.72084,1156,LCD(거치형),2024-06-05,사용,05:00 ~ 23:30,사용,2025-11-14
183,춘천농협,37.88444,127.72342,1371,LED(거치형),2023-11-01,사용,05:00 ~ 23:30,미사용,2025-11-14
184,시립청소년도서관,37.87137,127.70841,2059,LCD(거치형),2022-09-05,사용,05:00 ~ 23:30,사용,2025-11-14
185,칠전대우A,37.84436,127.71177,1150,LCD(거치형),7430-05-02,사용,05:00 ~ 23:30,사용,2025-11-14
186,의암댐,37.83792,127.67719,1544,LED(거치형),2022-09-05,사용,05:00 ~ 23:30,미사용,2025-11-14
187,김유정문학촌,37.81935,127.71679,1950,LCD(거치형),2022-09-05,사용,05:00 ~ 23:30,사용,2025-11-14
188,의암교차로,37.82721,127.6696,1546,LED(거치형),2023-11-01,사용,05:00 ~ 23:30,미사용,2025-11-14
189,덕두원3리,37.82722,127.67006,1885,LED(거치형),2023-11-01,사용,05:00 ~ 23:30,미사용,2025-11-14
190,등선폭포,37.82486,127.66078,1850,LED(거치형),2023-11-01,사용,05:00 ~ 23:30,미사용,2025-11-14
191,등선폭포,37.82491,127.66043,1851,LED(거치형),2023-11-01,사용,05:00 ~ 23:30,미사용,2025-11-14
192,강촌입구,37.81897,127.63323,1463,LED(거치형),2023-11-01,사용,05:00 ~ 23:30,미사용,2025-11-14
193,강촌검문소,37.82571,127.62263,1472,LED(거치형),2023-11-01,사용,05:00 ~ 23:30,미사용,2025-11-14
194,강촌검문소,37.82565,127.6222,1473,LED(거치형),2023-11-01,사용,05:00 ~ 23:30,미사용,2025-11-14
195,당림2리,37.83079,127.61541,1927,LED(거치형),2023-11-01,사용,05:00 ~ 23:30,미사용,2025-11-14
196,당림2리,37.83037,127.61526,1928,LED(거치형),2023-11-01,사용,05:00 ~ 23:30,미사용,2025-11-14
197,안보1리,37.83593,127.58463,1445,LED(거치형),2023-11-01,사용,05:00 ~ 23:30,미사용,2025-11-14
198,안보1리,37.83576,127.58439,1446,LED(거치형),2023-11-01,사용,05:00 ~ 23:30,미사용,2025-11-14
199,퇴계주공9차,37.84767,127.74083,1119,LED(거치형),2020-12-16,사용,05:00 ~ 23:30,미사용,2025-11-14
200,대룡중학교,37.84817,127.74366,1916,LED(거치형),2020-12-16,사용,05:00 ~ 23:30,미사용,2025-11-14
201,시청자미디어센터,37.89604,127.6906,1957,LED(거치형),2024-06-05,사용,05:00 ~ 23:30,미사용,2025-11-14
202,서춘천농협,37.93234,127.70239,2130,LED(거치형),2024-06-05,사용,05:00 ~ 23:30,미사용,2025-11-14
203,천년나무A,37.91277,127.73747,2617,LED(거치형),2022-09-05,사용,05:00 ~ 23:30,미사용,2025-11-14
204,천년나무A,37.91296,127.73764,2618,LED(거치형),2022-09-05,사용,05:00 ~ 23:30,미사용,2025-11-14
205,퇴계금호A,37.84907,127.73881,1137,LED(거치형),2024-06-05,사용,05:00 ~ 23:30,미사용,2025-11-14
206,유승한내들,37.86192,127.73137,1568,LED(거치형),2024-06-05,사용,05:00 ~ 23:30,미사용,2025-11-14
207,KBS방송국,37.86765,127.72272,1753,LCD(거치형),2024-06-05,사용,05:00 ~ 23:30,사용,2025-11-14
208,법원,37.8659,127.73311,2218,LED(거치형),2022-09-05,사용,05:00 ~ 23:30,미사용,2025-11-14
209,국민연금공단,37.86386,127.7312,1939,LED(거치형),2022-09-05,사용,05:00 ~ 23:30,미사용,2025-11-14
210,거두리부영A,37.85597,127.75209,1449,LED(거치형),2022-09-05,사용,05:00 ~ 23:30,미사용,2025-11-14
211,신촌3리,37.84892,127.75825,1688,LED(거치형),2022-09-05,사용,05:00 ~ 23:30,미사용,2025-11-14
212,춘천경찰서,37.8707,127.72469,1075,LCD(거치형),2024-06-05,사용,05:00 ~ 23:30,사용,2025-11-14
213,중앙로입구,37.87707,127.72308,1011,LCD(거치형),7430-05-02,사용,05:00 ~ 23:30,사용,2025-11-14
214,양우A,37.86831,127.73052,1665,LED(거치형),2024-06-05,사용,05:00 ~ 23:30,미사용,2025-11-14
215,수협,37.86973,127.72791,2335,LCD(거치형),2024-06-05,사용,05:00 ~ 23:30,사용,2025-11-14
216,후평주공4단지,37.87624,127.75696,1024,LCD(거치형),2024-06-05,사용,05:00 ~ 23:30,사용,2025-11-14
217,청실A,37.87338,127.75837,1406,LCD(거치형),2022-09-05,사용,05:00 ~ 23:30,사용,2025-11-14
218,춘천역육교앞,37.88563,127.71608,1529,LED(거치형),2022-09-05,사용,05:00 ~ 23:30,미사용,2025-11-14
219,석사부영A,37.8691,127.75608,2118,LCD(거치형),2024-06-05,사용,05:00 ~ 23:30,사용,2025-11-14
220,청구/진흥A,37.8691,127.75274,1695,LED(거치형),2024-06-05,사용,05:00 ~ 23:30,미사용,2025-11-14
221,퇴계주공4차,37.85361,127.74545,1125,LCD(거치형),2022-09-05,사용,05:00 ~ 23:30,사용,2025-11-14
222,모아엘가A,37.87326,127.72116,1632,LCD(거치형),2022-07-14,사용,05:00 ~ 23:30,사용,2025-11-14
223,소양중학교,37.90513,127.72499,2087,LED(거치형),2024-06-05,사용,05:00 ~ 23:30,미사용,2025-11-14
224,육림공원,37.91756,127.72119,1559,LED(거치형),2024-06-05,사용,05:00 ~ 23:30,미사용,2025-11-14
225,여우고개삼거리,37.91915,127.73905,2169,LCD(거치형),2022-09-05,사용,05:00 ~ 23:30,사용,2025-11-14
226,신북읍행복센터,37.92515,127.74677,2032,LCD(거치형),2022-09-05,사용,05:00 ~ 23:30,사용,2025-11-14
227,한샘고후문,37.92827,127.75154,1360,LED(거치형),2022-09-05,사용,05:00 ~ 23:30,미사용,2025-11-14
228,춘천동원학교,37.93026,127.78854,1855,LCD(거치형),2021-07-17,사용,05:00 ~ 23:30,사용,2025-11-14
229,만천초교,37.88264,127.75862,1836,LED(거치형),2024-06-05,사용,05:00 ~ 23:30,미사용,2025-11-14
230,스위첸A,37.87955,127.76572,1825,LED(거치형),2024-06-05,사용,05:00 ~ 23:30,미사용,2025-11-14
231,발산1리,37.73123,127.6006,1949,LED(거치형),2022-09-05,사용,05:00 ~ 23:30,미사용,2025-11-14
232,사북면행복센터,38.02896,127.64114,2193,LED(거치형),2022-09-05,사용,05:00 ~ 23:30,미사용,2025-11-14
233,새마을고개,37.87146,127.7326,2151,LCD(거치형),2022-09-05,사용,05:00 ~ 23:30,사용,2025-11-14
234,남춘천역2번출구,37.8636,127.7248,2310,LCD(독립형),2013-07-01,사용,05:00 ~ 23:30,미사용,2025-11-14
235,부강연립앞,37.87869,127.71219,2359,LED(거치형),2023-02-20,사용,05:00 ~ 23:30,미사용,2025-11-14
236,청와A,37.88122,127.71365,1405,LED(거치형),2023-02-20,사용,05:00 ~ 23:30,미사용,2025-11-14
237,청구/동아A,37.87004,127.75432,1414,LCD(거치형),2013-07-01,사용,05:00 ~ 23:30,사용,2025-11-14
238,석사동행복센터,37.85921,127.74273,2120,LED(거치형),2023-02-20,사용,05:00 ~ 23:30,미사용,2025-11-14
239,강동농협장학지점,37.89177,127.75317,1487,LCD(거치형),2015-03-01,사용,05:00 ~ 23:30,사용,2025-11-14
240,봉의A,37.88768,127.74413,2207,LCD(거치형),2015-03-01,사용,05:00 ~ 23:30,사용,2025-11-14
241,석사교회,37.85961,127.74483,2124,LCD(거치형),2015-03-01,사용,05:00 ~ 23:30,사용,2025-11-14
242,농촌공사춘천지소,37.90973,127.73935,1934,LCD(거치형),2015-03-01,사용,05:00 ~ 23:30,사용,2025-11-14
243,e편한세상,37.88424,127.72609,2495,LCD(거치형),2015-03-01,사용,05:00 ~ 23:30,사용,2025-11-14
244,우두로입구,37.91352,127.72201,2195,LCD(거치형),2015-03-01,사용,05:00 ~ 23:30,사용,2025-11-14
245,한신휴플러스,37.88423,127.72592,2494,LCD(거치형),2015-07-29,사용,05:00 ~ 23:30,사용,2025-11-14
246,케이티앤지,37.86164,127.72784,2272,LCD(거치형),2015-07-29,사용,05:00 ~ 23:30,사용,2025-11-14
247,강원대학병원,37.87476,127.74313,1482,LCD(독립형),2015-07-29,사용,05:00 ~ 23:30,미사용,2025-11-14
248,성우오스타A,37.85614,127.75486,1450,LCD(거치형),2015-07-29,사용,05:00 ~ 23:30,사용,2025-11-14
249,칠전동사거리,37.84142,127.71448,1148,LCD(거치형),2015-07-30,사용,05:00 ~ 23:30,사용,2025-11-14
250,삼천동사거리,37.86906,127.70704,2166,LCD(거치형),2015-07-30,사용,05:00 ~ 23:30,사용,2025-11-14
251,상천초등학교,37.92989,127.7849,2154,LCD(거치형),2022-07-05,사용,05:00 ~ 23:30,사용,2025-11-14
252,강촌1리마을,37.81012,127.63638,1975,LCD(독립형),2015-07-30,사용,05:00 ~ 23:30,미사용,2025-11-14
253,학곡리종점,37.83486,127.7603,1091,LCD(거치형),2015-07-30,사용,05:00 ~ 23:30,사용,2025-11-14
254,국립춘천병원,37.77074,127.76431,1972,LCD(거치형),2015-07-30,사용,05:00 ~ 23:30,사용,2025-11-14
255,용산2리,37.96041,127.68148,1322,LCD(거치형),2016-09-30,사용,05:00 ~ 23:30,사용,2025-11-14
256,여우고개사거리,37.92228,127.73914,2281,LCD(거치형),2016-09-30,사용,05:00 ~ 23:30,사용,2025-11-14
257,창촌3거리,37.78727,127.6482,1523,LCD(거치형),2016-09-30,사용,05:00 ~ 23:30,사용,2025-11-14
258,포스코후문,37.88157,127.74696,1103,LCD(거치형),2016-09-30,사용,05:00 ~ 23:30,사용,2025-11-14
259,창촌3거리,37.78712,127.64813,1524,LCD(거치형),2017-06-04,사용,05:00 ~ 23:30,사용,2025-11-14
260,애니메이션박물관,37.89259,127.68997,1675,LED(거치형),2024-06-05,사용,05:00 ~ 23:30,미사용,2025-11-14
261,퇴계일성A,37.86612,127.72695,2291,LCD(거치형),2018-08-14,사용,05:00 ~ 23:30,사용,2025-11-14
262,케이티앤지,37.8615,127.7274,2318,LCD(거치형),2018-08-14,사용,05:00 ~ 23:30,사용,2025-11-14
263,산림조합강원본부,37.88699,127.75322,1003,LCD(거치형),2018-08-14,사용,05:00 ~ 23:30,사용,2025-11-14
264,강원도재활병원,37.90355,127.73827,1066,LCD(거치형),2018-08-14,사용,05:00 ~ 23:30,사용,2025-11-14
265,현진에버빌1차,37.85034,127.74735,1661,LCD(거치형),2018-11-22,사용,05:00 ~ 23:30,사용,2025-11-14
266,춘천국유림관리소,37.9305,127.77287,1421,LCD(거치형),2018-11-22,사용,05:00 ~ 23:30,사용,2025-11-14
267,소양강처녀상,37.8932,127.72493,2287,LCD(거치형),2019-11-10,사용,05:00 ~ 23:30,사용,2025-11-14
268,한국전력공사입구,37.88354,127.74892,1087,LCD(거치형),2019-11-10,사용,05:00 ~ 23:30,사용,2025-11-14
269,중앙하이츠1차,37.85445,127.73673,1744,LCD(거치형),2019-11-10,사용,05:00 ~ 23:30,사용,2025-11-14
270,강원대백록관,37.86861,127.74137,2631,LCD(독립형),2019-11-10,사용,05:00 ~ 23:30,미사용,2025-11-14
271,뉴시티코아루A,37.91278,127.72584,2614,LCD(거치형),2021-08-31,사용,05:00 ~ 23:30,사용,2025-11-14
272,새마을고개,37.87107,127.73241,2152,LCD(거치형),2019-11-10,사용,05:00 ~ 23:30,사용,2025-11-14
273,한숲시티A,37.85337,127.72975,2728,LED(거치형),2020-03-18,사용,05:00 ~ 23:30,미사용,2025-11-14
274,한숲시티A,37.85316,127.72947,2729,LED(거치형),2020-03-18,사용,05:00 ~ 23:30,미사용,2025-11-14
275,샘밭장터,37.9245,127.74614,2734,LED(거치형),2020-05-29,사용,05:00 ~ 23:30,미사용,2025-11-14
276,방동1리,37.89697,127.67012,1436,LED(거치형),2020-12-16,사용,05:00 ~ 23:30,미사용,2025-11-14
277,(구)농업기술원,37.90056,127.73559,1932,LED(거치형),2020-12-16,사용,05:00 ~ 23:30,미사용,2025-11-14
278,시외버스터미널,37.863302,127.718772,시외버스터미널 내부,PDP,2009-06-30,사용,05:00 ~ 23:30,미사용,2025-11-14
279,시립청소년도서관,37.87137,127.70841,청소년도서관 내부,PDP,2023-10-01,사용,05:00 ~ 23:30,미사용,2025-11-14
280,면허시험장입구,37.9455,127.75158,면허시험장 내부,PDP,2009-10-31,사용,05:00 ~ 23:30,미사용,2025-11-14
281,명동입구,37.87971,127.72668,지하상가 내부,PDP,2023-10-01,사용,05:00 ~ 23:30,미사용,2025-11-14
282,호반체육관,37.86541,127.75526,호반체육관 내부,PDP,2017-11-17,사용,05:00 ~ 23:30,미사용,2025-11-14
283,동면만천농협,37.88192,127.76073,1830,LCD(거치형),2021-07-17,사용,05:00 ~ 23:30,사용,2025-11-14
284,서부시장,37.88581,127.72404,2141,LCD(거치형),2021-07-17,사용,05:00 ~ 23:30,사용,2025-11-14
285,초록지붕6차,37.88077,127.7547,2100,LCD(거치형),2021-07-17,사용,05:00 ~ 23:30,사용,2025-11-14
286,인형극장앞,37.92105,127.72106,2836,LCD(거치형),2021-07-17,사용,05:00 ~ 23:30,사용,2025-11-14
287,세경3차,37.88451,127.7437,2102,LCD(거치형),2021-07-17,사용,05:00 ~ 23:30,사용,2025-11-14
288,퇴계주공6단지,37.85124,127.743,1660,LCD(거치형),2021-07-17,사용,05:00 ~ 23:30,사용,2025-11-14
289,중앙로입구,37.87749,127.7242,1745,LCD(거치형),2016-09-30,사용,05:00 ~ 23:30,사용,2025-11-14
290,중앙로입구,37.87707,127.72308,1011,LCD(거치형),7430-05-02,사용,05:00 ~ 23:30,사용,2025-11-14
291,퇴계주공6차,37.85119,127.74112,1123,LED(거치형),2023-11-01,사용,05:00 ~ 23:30,미사용,2025-11-14
292,강원대정문,37.86652,127.73783,2632,LED(거치형),2023-11-01,사용,05:00 ~ 23:30,미사용,2025-11-14
293,봉의중학교,37.87912,127.7416,2205,LED(거치형),2023-11-01,사용,05:00 ~ 23:30,미사용,2025-11-14
294,춘천역육교앞,37.88479,127.71534,1961,LED(거치형),2023-11-01,사용,05:00 ~ 23:30,미사용,2025-11-14
295,남춘천초교,37.86045,127.72193,1940,LCD(거치형),2023-11-01,사용,05:00 ~ 23:30,사용,2025-11-14
296,홈플러스,37.85083,127.73566,1116,LED(거치형),2023-11-01,사용,05:00 ~ 23:30,미사용,2025-11-14
297,전인고등학교,37.78755,127.75204,1357,LED(거치형),2024-06-05,사용,05:00 ~ 23:30,미사용,2025-11-14
298,성심경로당,37.88121,127.74002,2251,LED(독립형),2024-06-05,사용,05:00 ~ 23:30,미사용,2025-11-14
299,춘천청소년수련관,37.87433,127.74071,1996,LED(독립형),2024-06-05,사용,05:00 ~ 23:30,미사용,2025-11-14
300,남부사거리,37.87154,127.7246,1670,LED(거치형),2024-06-05,사용,05:00 ~ 23:30,미사용,2025-11-14
301,남춘천여중,37.8583,127.72056,2611,LED(거치형),2024-06-05,사용,05:00 ~ 23:30,미사용,2025-11-14
302,남춘천여중,37.85788,127.72104,1612,LED(거치형),2024-06-05,사용,05:00 ~ 23:30,미사용,2025-11-14
303,방송통신대앞,37.87193,127.72081,2606,LED(거치형),2024-06-05,사용,05:00 ~ 23:30,미사용,2025-11-14
304,후평주공4단지후문,37.8749,127.75764,1022,LCD(거치형),2022-10-07,사용,05:00 ~ 23:30,사용,2025-11-14
305,삼천동사거리,37.86941,127.707,2167,LCD(거치형),2023-11-01,사용,05:00 ~ 23:30,사용,2025-11-14
306,온의사거리,37.86578,127.72134,1628,LCD(거치형),2023-11-01,사용,05:00 ~ 23:30,사용,2025-11-14
307,화목원,37.92221,127.72328,1043,LED(거치형),2023-11-01,사용,05:00 ~ 23:30,미사용,2025-11-14
308,동광주유소,37.88988,127.75171,1882,LED(거치형),2023-02-20,사용,05:00 ~ 23:30,미사용,2025-11-14
309,천전3리,37.92991,127.78027,1419,LCD(거치형),2022-07-24,사용,05:00 ~ 23:30,사용,2025-11-14
310,우석초교,37.865,127.75018,1608,LED(거치형),2023-02-20,사용,05:00 ~ 23:30,미사용,2025-11-14
311,파크자이A,37.86805,127.7078,2405,LCD(거치형),2022-09-05,사용,05:00 ~ 23:30,사용,2025-11-14
312,퇴계주공4차,37.85472,127.74608,1126,LCD(거치형),2023-11-01,사용,05:00 ~ 23:30,사용,2025-11-14
313,그랜드A,37.86696,127.75605,1610,LCD(거치형),2023-11-01,사용,05:00 ~ 23:30,사용,2025-11-14
314,퇴계일성A,37.86621,127.72678,2291,LCD(거치형),2018-08-14,사용,05:00 ~ 23:30,사용,2025-11-14
315,홈플러스,37.85079,127.73524,2278,LED(거치형),2020-05-29,사용,05:00 ~ 23:30,미사용,2025-11-14
316,두미르A,37.90202,127.72821,1852,LCD(거치형),2017-06-04,사용,05:00 ~ 23:30,사용,2025-11-14
317,교대부설초교,37.86984,127.73103,2202,LED(거치형),2023-11-01,사용,05:00 ~ 23:30,미사용,2025-11-14
318,휴먼타운A,37.85436,127.74057,1124,LCD(거치형),2017-06-04,사용,05:00 ~ 23:30,사용,2025-11-14
319,하사관주택,37.86456,127.70712,1098,LED(거치형),2023-11-01,사용,05:00 ~ 23:30,미사용,2025-11-14
320,한강수력본부,37.96261,127.67859,1617,LED(거치형),2023-11-01,사용,05:00 ~ 23:30,미사용,2025-11-14
321,파크에뷰A,37.910588,127.735493,1413,LED(거치형),2024-10-30,사용,05:00 ~ 23:30,미사용,2025-11-14
322,롯데캐슬더퍼스트,37.908506,127.732463,1742,LED(거치형),2024-10-30,사용,05:00 ~ 23:30,미사용,2025-11-14
323,온의롯데캐슬,37.869307,?127.718577,1050,LED(거치형),2024-10-30,사용,05:00 ~ 23:30,미사용,2025-11-14
324,시외버스터미널,37.863303,127.717421,2056,LED(거치형),2024-10-30,사용,05:00 ~ 23:30,미사용,2025-11-14
325,유승한내들,37.861954,127.730882,1567,LED(거치형),2024-10-30,사용,05:00 ~ 23:30,미사용,2025-11-14
326,모아엘가비스타,37.841912,?127.756817,2150,LCD(거치형),2021-04-15,사용,05:00 ~ 23:30,사용,2025-11-14
327,모아엘가비스타,37.841954,?127.757124,2252,LCD(거치형),2021-04-15,사용,05:00 ~ 23:30,사용,2025-11-14
328,모아엘가그랑데,37.839406,127.756103,2254,LCD(거치형),2021-04-15,사용,05:00 ~ 23:30,사용,2025-11-14
329,모아엘가그랑데,37.839254,127.756353,2255,LCD(거치형),2021-04-15,사용,05:00 ~ 23:30,사용,2025-11-14
330,장학교차로,37.893796,127.755566,2505,스마트정류장 키오스크,2022-09-01,사용,05:00 ~ 23:30,미사용,2025-11-14
331,호반환승센터,37.89352,127.72499,2286,스마트정류장 키오스크,2022-09-01,사용,05:00 ~ 23:30,미사용,2025-11-14
332,한림대학교,37.883117,127.737286,1084,스마트정류장 키오스크,2022-09-01,사용,05:00 ~ 23:30,미사용,2025-11-14
333,시외버스터미널,37.864319,127.71985,2058,스마트정류장 키오스크,2009-06-30,사용,05:00 ~ 23:30,미사용,2025-11-14
334,시외버스터미널,37.863724,127.719973,2057,스마트정류장 키오스크,2022-09-01,사용,05:00 ~ 23:30,미사용,2025-11-14
335,롯데인벤스,37.899827,127.730912,1845,스마트정류장 키오스크,2022-09-01,사용,05:00 ~ 23:30,미사용,2025-11-14
336,춘천한샘고등학교,37.925236,127.751076,1362,스마트정류장 키오스크,2022-09-01,사용,05:00 ~ 23:30,미사용,2025-11-14
337,충인교회,37.879546,127.749976,1517,스마트정류장 키오스크,2022-09-01,사용,05:00 ~ 23:30,미사용,2025-11-14
338,교육대학교,37.858139,127.746456,1383,스마트정류장 키오스크,2022-09-01,사용,05:00 ~ 23:30,미사용,2025-11-14
339,춘천역,37.884935,127.71775,1164,스마트정류장 키오스크,2022-09-01,사용,05:00 ~ 23:30,미사용,2025-11-14
340,춘천역,37.885082,127.718078,2288,스마트정류장 키오스크,2022-09-01,사용,05:00 ~ 23:30,미사용,2025-11-14
341,강원대후문,37.872758,127.74416,1480,스마트정류장 키오스크,2022-09-01,사용,05:00 ~ 23:30,미사용,2025-11-14
342,인성병원,37.88109,127.72659,1532,스마트정류장 키오스크,2022-09-01,사용,05:00 ~ 23:30,미사용,2025-11-14
343,뜨란채A,37.849834,127.744211,1338,스마트정류장 키오스크,2022-09-01,사용,05:00 ~ 23:30,미사용,2025-11-14
344,동면행정복지센터,37.909965,127.781483,1875,스마트정류장 키오스크,2022-09-01,사용,05:00 ~ 23:30,미사용,2025-11-14
345,김유정역,37.817209,127.715075,2051,스마트정류장 키오스크,2022-09-02,사용,05:00 ~ 23:31,미사용,2025-11-14
